seconds,%CPU,%memory
0,Process,0.0  0.5
5,Process,0.0  0.5
10,Process,0.0  0.5
15,Process,0.0  0.5
20,Process,0.0  0.5
25,Process,0.0  0.5
30,Process,0.0  0.5
35,Process,0.0  0.5
40,Process,0.0  0.5
45,Process,0.0  0.5
50,Process,0.0  0.5
55,Process,0.0  0.5
60,Process,0.0  0.5
65,Process,0.0  0.5
70,Process,0.0  0.5
75,Process,0.0  0.5
80,Process,0.0  0.5
85,Process,0.0  0.5
90,Process,0.0  0.5
95,Process,0.0  0.5
100,Process,0.0  0.5
105,Process,0.0  0.5
110,Process,0.0  0.5
115,Process,0.0  0.5
120,Process,0.0  0.5
125,Process,0.0  0.5
130,Process,0.0  0.5
135,Process,0.0  0.5
140,Process,0.0  0.5
145,Process,0.0  0.5
150,Process,0.0  0.5
155,Process,0.0  0.5
160,Process,0.0  0.5
165,Process,0.0  0.5
170,Process,0.0  0.5
175,Process,0.0  0.5
180,Process,0.0  0.5
185,Process,0.0  0.5
190,Process,0.0  0.5
195,Process,0.0  0.5
200,Process,0.0  0.5
205,Process,0.0  0.5
210,Process,0.0  0.5
215,Process,0.0  0.5
220,Process,0.0  0.5
225,Process,0.0  0.5
230,Process,0.0  0.5
235,Process,0.0  0.5
240,Process,0.0  0.5
245,Process,0.0  0.5
250,Process,0.0  0.5
255,Process,0.0  0.5
260,Process,0.0  0.5
265,Process,0.0  0.5
270,Process,0.0  0.5
275,Process,0.0  0.5
280,Process,0.0  0.5
285,Process,0.0  0.5
290,Process,0.0  0.5
295,Process,0.0  0.5
300,Process,0.0  0.5
305,Process,0.0  0.5
310,Process,0.0  0.5
315,Process,0.0  0.5
320,Process,0.0  0.5
325,Process,0.0  0.5
330,Process,0.0  0.5
335,Process,0.0  0.5
340,Process,0.0  0.5
345,Process,0.0  0.5
350,Process,0.0  0.5
355,Process,0.0  0.5
360,Process,0.0  0.5
365,Process,0.0  0.5
370,Process,0.0  0.5
375,Process,0.0  0.5
380,Process,0.0  0.5
385,Process,0.0  0.5
390,Process,0.0  0.5
395,Process,0.0  0.5
400,Process,0.0  0.5
405,Process,0.0  0.5
410,Process,0.0  0.5
415,Process,0.0  0.5
420,Process,0.0  0.5
425,Process,0.0  0.5
430,Process,0.0  0.5
435,Process,0.0  0.5
440,Process,0.0  0.5
445,Process,0.0  0.5
450,Process,0.0  0.5
455,Process,0.0  0.5
460,Process,0.0  0.5
465,Process,0.0  0.5
470,Process,0.0  0.5
475,Process,0.0  0.5
480,Process,0.0  0.5
485,Process,0.0  0.5
490,Process,0.0  0.5
495,Process,0.0  0.5
500,Process,0.0  0.5
505,Process,0.0  0.5
510,Process,0.0  0.5
515,Process,0.0  0.5
520,Process,0.0  0.5
525,Process,0.0  0.5
530,Process,0.0  0.5
535,Process,0.0  0.5
540,Process,0.0  0.5
545,Process,0.0  0.5
550,Process,0.0  0.5
555,Process,0.0  0.5
560,Process,0.0  0.5
565,Process,0.0  0.5
570,Process,0.0  0.5
575,Process,0.0  0.5
580,Process,0.0  0.5
585,Process,0.0  0.5
590,Process,0.0  0.5
595,Process,0.0  0.5
600,Process,0.0  0.5
605,Process,0.0  0.5
610,Process,0.0  0.5
615,Process,0.0  0.5
620,Process,0.0  0.5
625,Process,0.0  0.5
630,Process,0.0  0.5
635,Process,0.0  0.5
640,Process,0.0  0.5
645,Process,0.0  0.5
650,Process,0.0  0.5
655,Process,0.0  0.5
660,Process,0.0  0.5
665,Process,0.0  0.5
670,Process,0.0  0.5
675,Process,0.0  0.5
680,Process,0.0  0.5
685,Process,0.0  0.5
690,Process,0.0  0.5
695,Process,0.0  0.5
700,Process,0.0  0.5
705,Process,0.0  0.5
710,Process,0.0  0.5
715,Process,0.0  0.5
720,Process,0.0  0.5
725,Process,0.0  0.5
730,Process,0.0  0.5
735,Process,0.0  0.5
740,Process,0.0  0.5
745,Process,0.0  0.5
750,Process,0.0  0.5
755,Process,0.0  0.5
760,Process,0.0  0.5
765,Process,0.0  0.5
770,Process,0.0  0.5
775,Process,0.0  0.5
780,Process,0.0  0.5
785,Process,0.0  0.5
790,Process,0.0  0.5
795,Process,0.0  0.5
800,Process,0.0  0.5
805,Process,0.0  0.5
810,Process,0.0  0.5
815,Process,0.0  0.5
820,Process,0.0  0.5
825,Process,0.0  0.5
830,Process,0.0  0.5
835,Process,0.0  0.5
840,Process,0.0  0.5
845,Process,0.0  0.5
850,Process,0.0  0.5
855,Process,0.0  0.5
860,Process,0.0  0.5
865,Process,0.0  0.5
870,Process,0.0  0.5
875,Process,0.0  0.5
880,Process,0.0  0.5
885,Process,0.0  0.5
890,Process,0.0  0.5
895,Process,0.0  0.5
